,SizeRank,RegionName,State,City,Metro,CountyName,AveragePrice,Down_payment_20%
117,117,28269,NC,Charlotte,"Charlotte-Concord-Gastonia, NC-SC",Mecklenburg County,350374.25590401207,70074.85118080242
127,126,27587,NC,Wake Forest,"Raleigh-Cary, NC",Wake County,496141.9349660719,99228.38699321439
128,128,27610,NC,Raleigh,"Raleigh-Cary, NC",Wake County,307512.304662574,61502.460932514805
147,147,28277,NC,Charlotte,"Charlotte-Concord-Gastonia, NC-SC",Mecklenburg County,559886.7412308551,111977.34824617102
173,173,28027,NC,Concord,"Charlotte-Concord-Gastonia, NC-SC",Cabarrus County,385973.2662253198,77194.65324506396
316,316,27406,NC,Greensboro,"Greensboro-High Point, NC",Guilford County,192778.4337405525,38555.6867481105
330,330,28078,NC,Huntersville,"Charlotte-Concord-Gastonia, NC-SC",Mecklenburg County,491038.0372749223,98207.60745498446
385,385,28215,NC,Charlotte,"Charlotte-Concord-Gastonia, NC-SC",Mecklenburg County,324048.3819481088,64809.67638962176
425,425,28227,NC,Mint Hill,"Charlotte-Concord-Gastonia, NC-SC",Mecklenburg County,356108.46080599405,71221.69216119881
434,434,28173,NC,Waxhaw,"Charlotte-Concord-Gastonia, NC-SC",Union County,600542.088967958,120108.41779359161
487,488,27703,NC,Durham,"Durham-Chapel Hill, NC",Durham County,372015.6383562426,74403.12767124853
502,503,28314,NC,Fayetteville,"Fayetteville, NC",Cumberland County,196014.0632149748,39202.81264299496
525,526,27284,NC,Kernersville,"Winston-Salem, NC",Forsyth County,286386.07686606137,57277.215373212275
526,527,28655,NC,Morganton,"Hickory-Lenoir-Morganton, NC",Burke County,216775.1940981719,43355.038819634385
531,532,27713,NC,Durham,"Durham-Chapel Hill, NC",Durham County,407536.6838991728,81507.33677983457
549,550,27603,NC,Raleigh,"Raleigh-Cary, NC",Wake County,386882.9202453208,77376.58404906417
563,564,27529,NC,Garner,"Raleigh-Cary, NC",Wake County,363859.3030044872,72771.86060089745
585,586,28025,NC,Concord,"Charlotte-Concord-Gastonia, NC-SC",Cabarrus County,323399.7685783392,64679.95371566784
612,613,27858,NC,Greenville,"Greenville, NC",Pitt County,265730.1166873138,53146.02333746277
639,640,27834,NC,Greenville,"Greenville, NC",Pitt County,196108.8660667149,39221.77321334298
664,665,28540,NC,Jacksonville,"Jacksonville, NC",Onslow County,219296.0504576653,43859.21009153306
693,694,28110,NC,Monroe,"Charlotte-Concord-Gastonia, NC-SC",Union County,338095.1044581833,67619.02089163665
710,711,27410,NC,Greensboro,"Greensboro-High Point, NC",Guilford County,331974.4024377004,66394.88048754008
717,718,27519,NC,Cary,"Raleigh-Cary, NC",Wake County,651007.80714311,130201.561428622
734,735,27616,NC,Raleigh,"Raleigh-Cary, NC",Wake County,355218.29394102027,71043.65878820406
896,897,27407,NC,Greensboro,"Greensboro-High Point, NC",Guilford County,215612.09135023167,43122.418270046335
899,900,28601,NC,Hickory,"Hickory-Lenoir-Morganton, NC",Catawba County,273581.9848593614,54716.39697187228
914,915,27526,NC,Fuquay Varina,"Raleigh-Cary, NC",Wake County,421110.2077482422,84222.04154964845
937,938,27106,NC,Winston-Salem,"Winston-Salem, NC",Forsyth County,288875.33202098263,57775.06640419653
944,945,27107,NC,Winston-Salem,"Winston-Salem, NC",Forsyth County,205595.33801458776,41119.06760291755
956,957,27265,NC,High Point,"Greensboro-High Point, NC",Guilford County,269715.43825041334,53943.08765008267
965,966,27707,NC,Durham,"Durham-Chapel Hill, NC",Durham County,385659.43148498767,77131.88629699753
971,972,27606,NC,Raleigh,"Raleigh-Cary, NC",Wake County,417932.42137384834,83586.48427476967
1043,1044,28546,NC,Jacksonville,"Jacksonville, NC",Onslow County,228131.1587091332,45626.23174182664
1047,1048,27604,NC,Raleigh,"Raleigh-Cary, NC",Wake County,335335.74785770784,67067.14957154157
1079,1080,27405,NC,Greensboro,"Greensboro-High Point, NC",Guilford County,180286.0635644955,36057.212712899105
1088,1089,27513,NC,Cary,"Raleigh-Cary, NC",Wake County,519579.4672731525,103915.89345463051
1095,1096,28212,NC,Charlotte,"Charlotte-Concord-Gastonia, NC-SC",Mecklenburg County,305916.9234227299,61183.38468454598
1116,1117,28105,NC,Matthews,"Charlotte-Concord-Gastonia, NC-SC",Mecklenburg County,434143.57093834254,86828.71418766852
1134,1135,28216,NC,Charlotte,"Charlotte-Concord-Gastonia, NC-SC",Mecklenburg County,310942.2122960569,62188.44245921139
1142,1143,28205,NC,Charlotte,"Charlotte-Concord-Gastonia, NC-SC",Mecklenburg County,422651.37590680976,84530.27518136195
1146,1147,28645,NC,Lenoir,"Hickory-Lenoir-Morganton, NC",Caldwell County,179431.89277352442,35886.37855470488
1152,1153,28210,NC,Charlotte,"Charlotte-Concord-Gastonia, NC-SC",Mecklenburg County,521888.5765097796,104377.71530195593
1221,1222,28213,NC,Charlotte,"Charlotte-Concord-Gastonia, NC-SC",Mecklenburg County,323925.8281607943,64785.16563215886
1289,1290,27360,NC,Thomasville,"Winston-Salem, NC",Davidson County,193150.9213777146,38630.184275542924
1295,1296,27705,NC,Durham,"Durham-Chapel Hill, NC",Durham County,430756.1928841625,86151.2385768325
1315,1316,28376,NC,Raeford,"Fayetteville, NC",Hoke County,237173.03332544104,47434.60666508821
1422,1423,28306,NC,Fayetteville,"Fayetteville, NC",Cumberland County,216026.7758085825,43205.3551617165
1441,1442,27215,NC,Burlington,"Burlington, NC",Alamance County,270232.70991874643,54046.54198374929
1452,1453,28214,NC,Charlotte,"Charlotte-Concord-Gastonia, NC-SC",Mecklenburg County,316264.90491525305,63252.98098305061
1498,1499,27516,NC,Chapel Hill,"Durham-Chapel Hill, NC",Orange County,553223.7389889852,110644.74779779704
1589,1590,27615,NC,Raleigh,"Raleigh-Cary, NC",Wake County,490206.2909998106,98041.25819996213
1614,1615,28262,NC,Charlotte,"Charlotte-Concord-Gastonia, NC-SC",Mecklenburg County,343863.9745227618,68772.79490455237
1634,1635,28273,NC,Charlotte,"Charlotte-Concord-Gastonia, NC-SC",Mecklenburg County,356752.54353529494,71350.508707059
1656,1657,27704,NC,Durham,"Durham-Chapel Hill, NC",Durham County,294535.022082733,58907.0044165466
1662,1663,28117,NC,Mooresville,"Charlotte-Concord-Gastonia, NC-SC",Iredell County,602052.2930411495,120410.4586082299
1675,1676,28403,NC,Wilmington,"Wilmington, NC",New Hanover County,360692.0447989649,72138.40895979299
1690,1691,28208,NC,Charlotte,"Charlotte-Concord-Gastonia, NC-SC",Mecklenburg County,259829.4155308372,51965.88310616744
1720,1721,27613,NC,Raleigh,"Raleigh-Cary, NC",Wake County,526274.5716565362,105254.91433130724
1730,1731,28806,NC,Asheville,"Asheville, NC",Buncombe County,383596.2255580781,76719.24511161562
1750,1751,28412,NC,Wilmington,"Wilmington, NC",New Hanover County,375287.3751844672,75057.47503689343
1757,1758,28079,NC,Lake Park,"Charlotte-Concord-Gastonia, NC-SC",Union County,410137.3187617711,82027.46375235422
1758,1759,28092,NC,Lincolnton,"Charlotte-Concord-Gastonia, NC-SC",Lincoln County,263032.43228431133,52606.48645686227
1787,1788,27127,NC,Winston-Salem,"Winston-Salem, NC",Forsyth County,227997.15091899573,45599.43018379915
1796,1797,27520,NC,Clayton,"Raleigh-Cary, NC",Johnston County,323855.4355356083,64771.08710712167
1815,1816,27295,NC,Lexington,"Winston-Salem, NC",Davidson County,232543.16409441296,46508.632818882594
1820,1821,27105,NC,Winston-Salem,"Winston-Salem, NC",Forsyth County,126419.2128968502,25283.84257937004
1841,1842,27909,NC,Elizabeth City,"Elizabeth City, NC",Pasquotank County,212565.36798363688,42513.07359672738
1864,1865,27292,NC,Lexington,"Winston-Salem, NC",Davidson County,199469.48594832807,39893.897189665615
1889,1890,28625,NC,Statesville,"Charlotte-Concord-Gastonia, NC-SC",Iredell County,271130.7387473076,54226.147749461525
1893,1894,27502,NC,Apex,"Raleigh-Cary, NC",Wake County,524675.3728804435,104935.0745760887
1898,1899,27330,NC,Sanford,"Sanford, NC",Lee County,252648.14393398457,50529.628786796915
1932,1933,28226,NC,Charlotte,"Charlotte-Concord-Gastonia, NC-SC",Mecklenburg County,582919.2029092874,116583.84058185748
1959,1960,27893,NC,Wilson,"Wilson, NC",Wilson County,142282.8721327559,28456.574426551182
2019,2020,28411,NC,Wilmington,"Wilmington, NC",New Hanover County,414939.5352630224,82987.90705260448
2081,2082,28115,NC,Mooresville,"Charlotte-Concord-Gastonia, NC-SC",Iredell County,377873.5858808413,75574.71717616827
2110,2111,28358,NC,Lumberton,"Lumberton, NC",Robeson County,124886.64035958536,24977.328071917073
2115,2116,27320,NC,Reidsville,"Greensboro-High Point, NC",Rockingham County,128703.04065238852,25740.608130477704
2190,2191,28304,NC,Fayetteville,"Fayetteville, NC",Cumberland County,170034.91693971213,34006.983387942426
2247,2248,27612,NC,Raleigh,"Raleigh-Cary, NC",Wake County,515923.4253990282,103184.68507980564
2271,2272,27217,NC,,"Burlington, NC",Alamance County,185681.08411290252,37136.21682258051
2338,2339,28054,NC,Gastonia,"Charlotte-Concord-Gastonia, NC-SC",Gaston County,258976.363877872,51795.272775574405
2421,2422,27530,NC,Goldsboro,"Goldsboro, NC",Wayne County,143492.453095927,28698.4906191854
2432,2433,28562,NC,Trent Woods,"New Bern, NC",Craven County,273405.98534125835,54681.19706825167
2446,2447,28056,NC,Gastonia,"Charlotte-Concord-Gastonia, NC-SC",Gaston County,333300.8880656615,66660.1776131323
2452,2453,28311,NC,Fayetteville,"Fayetteville, NC",Cumberland County,204680.81126221095,40936.16225244219
2461,2462,27030,NC,Mount Airy,"Mount Airy, NC",Surry County,166855.2735775184,33371.054715503684
2465,2466,28409,NC,Wilmington,"Wilmington, NC",New Hanover County,446763.4558844906,89352.69117689814
2558,2559,27205,NC,Asheboro,"Greensboro-High Point, NC",Randolph County,216820.6025005713,43364.12050011426
2570,2571,28792,NC,Hendersonville,"Asheville, NC",Henderson County,332983.24062595965,66596.64812519193
2624,2624,28270,NC,Charlotte,"Charlotte-Concord-Gastonia, NC-SC",Mecklenburg County,573368.4274201249,114673.68548402499
2650,2651,28052,NC,Gastonia,"Charlotte-Concord-Gastonia, NC-SC",Gaston County,190712.2394350702,38142.44788701404
2713,2714,27514,NC,Chapel Hill,"Durham-Chapel Hill, NC",Orange County,697897.0752913409,139579.4150582682
2776,2776,28677,NC,Statesville,"Charlotte-Concord-Gastonia, NC-SC",Iredell County,243192.04040229437,48638.408080458874
2783,2784,27511,NC,Cary,"Raleigh-Cary, NC",Wake County,444457.6529657621,88891.53059315243
2835,2836,27560,NC,Morrisville,"Raleigh-Cary, NC",Wake County,487583.1596888712,97516.63193777425
2854,2855,28607,NC,Boone,"Boone, NC",Watauga County,441841.3856778907,88368.27713557814
2878,2879,27609,NC,Raleigh,"Raleigh-Cary, NC",Wake County,506634.6939596264,101326.93879192529
2880,2881,28803,NC,Asheville,"Asheville, NC",Buncombe County,451619.8651144858,90323.97302289716
2899,2900,28405,NC,Wilmington,"Wilmington, NC",New Hanover County,339094.6786018245,67818.9357203649
2911,2912,28348,NC,Hope Mills,"Fayetteville, NC",Cumberland County,212729.5600617577,42545.91201235154
2928,2929,27103,NC,Winston-Salem,"Winston-Salem, NC",Forsyth County,250451.35184672909,50090.27036934582
3066,3067,27302,NC,Mebane,"Burlington, NC",Alamance County,321379.9584174764,64275.99168349528
3072,3073,27332,NC,Sanford,"Sanford, NC",Lee County,264792.3198080803,52958.46396161607
3112,3113,27534,NC,Goldsboro,"Goldsboro, NC",Wayne County,185606.9762168726,37121.39524337452
3154,3155,28451,NC,Leland,"Myrtle Beach-Conway-North Myrtle Beach, SC-NC",Brunswick County,369048.1041477996,73809.62082955992
3172,3173,28217,NC,Charlotte,"Charlotte-Concord-Gastonia, NC-SC",Mecklenburg County,284315.871401218,56863.174280243606
3186,3187,28211,NC,Charlotte,"Charlotte-Concord-Gastonia, NC-SC",Mecklenburg County,769977.3298083787,153995.46596167574
3229,3230,27539,NC,Apex,"Raleigh-Cary, NC",Wake County,557283.4614328094,111456.69228656188
3292,3293,27614,NC,Raleigh,"Raleigh-Cary, NC",Wake County,593184.0363465484,118636.80726930968
3312,3313,28303,NC,Fayetteville,"Fayetteville, NC",Cumberland County,183892.1867267502,36778.43734535004
3481,3482,27253,NC,,"Burlington, NC",Alamance County,258779.06223244988,51755.81244648998
3551,3553,28278,NC,Charlotte,"Charlotte-Concord-Gastonia, NC-SC",Mecklenburg County,470443.4321794403,94088.68643588806
3626,3627,27540,NC,Holly Springs,"Raleigh-Cary, NC",Wake County,527220.0224014862,105444.00448029724
3640,3642,27545,NC,Knightdale,"Raleigh-Cary, NC",Wake County,350801.05009416054,70160.2100188321
3645,3647,28104,NC,Indian Trail,"Charlotte-Concord-Gastonia, NC-SC",Union County,536625.9768366186,107325.19536732373
3719,3721,27607,NC,Raleigh,"Raleigh-Cary, NC",Wake County,613561.2975625909,122712.25951251818
3728,3730,28752,NC,Marion,"Marion, NC",McDowell County,214440.6296500144,42888.12593000288
3781,3783,28031,NC,Cornelius,"Charlotte-Concord-Gastonia, NC-SC",Mecklenburg County,527797.5442632606,105559.50885265211
3794,3796,28560,NC,New Bern,"New Bern, NC",Craven County,224387.13159066983,44877.42631813397
3853,3854,27104,NC,Winston-Salem,"Winston-Salem, NC",Forsyth County,345714.3918491476,69142.87836982953
3861,3862,27012,NC,Clemmons,"Winston-Salem, NC",Forsyth County,345306.5111294661,69061.30222589323
3880,3881,28001,NC,Albemarle,"Albemarle, NC",Stanly County,223540.67736252755,44708.13547250551
3896,3898,28146,NC,Salisbury,"Charlotte-Concord-Gastonia, NC-SC",Rowan County,251071.10608406385,50214.22121681277
3947,3950,28715,NC,Candler,"Asheville, NC",Buncombe County,383957.3384996143,76791.46769992287
3962,3965,28590,NC,Winterville,"Greenville, NC",Pitt County,270917.8315420919,54183.56630841838
3967,3970,28602,NC,Hickory,"Hickory-Lenoir-Morganton, NC",Catawba County,217899.18117645255,43579.83623529051
4005,4008,28658,NC,Newton,"Hickory-Lenoir-Morganton, NC",Catawba County,219137.2172255112,43827.443445102246
4130,4133,28734,NC,Franklin,,Macon County,259161.41450973143,51832.28290194629
4145,4148,28112,NC,,"Charlotte-Concord-Gastonia, NC-SC",Union County,288707.2268950082,57741.44537900164
4146,4149,27577,NC,Smithfield,"Raleigh-Cary, NC",Johnston County,268155.99505344144,53631.19901068829
4151,4154,27804,NC,Rocky Mount,"Rocky Mount, NC",Nash County,207891.4657498824,41578.29314997648
4166,4169,27278,NC,Hillsborough,"Durham-Chapel Hill, NC",Orange County,412270.6606595418,82454.13213190837
4180,4183,28086,NC,Kings Mountain,"Shelby, NC",Cleveland County,185774.368989964,37154.8737979928
4201,4204,28328,NC,Clinton,,Sampson County,122579.33409438837,24515.866818877676
4249,4252,27597,NC,Zebulon,"Raleigh-Cary, NC",Wake County,327029.47140516684,65405.89428103337
4258,4261,27517,NC,Chapel Hill,"Durham-Chapel Hill, NC",Orange County,640511.835945106,128102.3671890212
4264,4266,27455,NC,Greensboro,"Greensboro-High Point, NC",Guilford County,323333.56537820044,64666.71307564009
4283,4286,27028,NC,Mocksville,"Winston-Salem, NC",Davie County,233144.4779813261,46628.895596265225
4294,4297,27565,NC,Oxford,"Durham-Chapel Hill, NC",Granville County,188591.6440072287,37718.32880144574
4395,4398,28150,NC,,"Shelby, NC",Cleveland County,136595.52235382973,27319.104470765946
4425,4428,27889,NC,Washington,"Washington, NC",Beaufort County,213499.91744936435,42699.98348987287
4428,4430,28081,NC,Kannapolis,"Charlotte-Concord-Gastonia, NC-SC",Cabarrus County,252901.11607819155,50580.22321563831
4448,4451,27549,NC,Louisburg,"Raleigh-Cary, NC",Franklin County,272772.60174162715,54554.52034832543
4489,4492,27870,NC,Roanoke Rapids,"Roanoke Rapids, NC",Halifax County,94879.4013239538,18975.88026479076
4499,4502,28334,NC,Dunn,"Fayetteville, NC",Harnett County,187240.0212887529,37448.00425775058
4509,4512,28401,NC,Wilmington,"Wilmington, NC",New Hanover County,268950.1909189396,53790.038183787925
4511,4514,28681,NC,Taylorsville,"Hickory-Lenoir-Morganton, NC",Alexander County,196031.66589070356,39206.33317814071
4519,4522,27537,NC,Henderson,"Henderson, NC",Vance County,180354.3534624011,36070.870692480225
4520,4523,27260,NC,High Point,"Greensboro-High Point, NC",Guilford County,96848.12784694282,19369.625569388565
4577,4580,28152,NC,Shelby,"Shelby, NC",Cleveland County,151613.8684442518,30322.77368885036
4695,4698,27262,NC,High Point,"Greensboro-High Point, NC",Guilford County,176179.4099158563,35235.88198317126
4779,4782,28144,NC,Salisbury,"Charlotte-Concord-Gastonia, NC-SC",Rowan County,185047.2323730132,37009.44647460264
4800,4803,28379,NC,Rockingham,"Rockingham, NC",Richmond County,102492.22542992134,20498.44508598427
4810,4813,28012,NC,Belmont,"Charlotte-Concord-Gastonia, NC-SC",Gaston County,381969.94158896565,76393.98831779313
4870,4873,28390,NC,Spring Lake,"Fayetteville, NC",Harnett County,201149.97858795823,40229.99571759165
4883,4886,28326,NC,Cameron,"Fayetteville, NC",Harnett County,283945.7589757629,56789.151795152575
4904,4906,28083,NC,Kannapolis,"Charlotte-Concord-Gastonia, NC-SC",Cabarrus County,240338.87048826745,48067.77409765349
4911,4914,28147,NC,Salisbury,"Charlotte-Concord-Gastonia, NC-SC",Rowan County,242975.12910760957,48595.025821521915
4960,4963,28613,NC,Conover,"Hickory-Lenoir-Morganton, NC",Catawba County,240887.73524748927,48177.54704949786
4995,4998,27527,NC,Clayton,"Raleigh-Cary, NC",Johnston County,393962.9522637792,78792.59045275585
5053,5055,27288,NC,Eden,"Greensboro-High Point, NC",Rockingham County,78167.05028247772,15633.410056495544
5100,5103,28352,NC,Laurinburg,"Laurinburg, NC",Scotland County,124599.08260299132,24919.816520598266
5175,5179,28209,NC,Charlotte,"Charlotte-Concord-Gastonia, NC-SC",Mecklenburg County,612233.651667904,122446.73033358081
5200,5204,28804,NC,Asheville,"Asheville, NC",Buncombe County,573732.6730884137,114746.53461768274
5205,5209,28570,NC,Newport,"Morehead City, NC",Carteret County,296471.815019018,59294.363003803606
5343,5347,28443,NC,Hampstead,"Wilmington, NC",Pender County,445959.3336917495,89191.8667383499
5352,5356,27701,NC,Durham,"Durham-Chapel Hill, NC",Durham County,388602.1761212105,77720.4352242421
5376,5380,27101,NC,Winston-Salem,"Winston-Salem, NC",Forsyth County,171527.05177426222,34305.41035485244
5382,5386,27591,NC,Wendell,"Raleigh-Cary, NC",Wake County,346838.7780568737,69367.75561137474
5598,5602,28532,NC,Havelock,"New Bern, NC",Craven County,195274.60597121555,39054.921194243114
5600,5605,27263,NC,Archdale,"Greensboro-High Point, NC",Randolph County,186018.4115074988,37203.68230149976
5606,5611,28787,NC,Weaverville,"Asheville, NC",Buncombe County,441258.3605206476,88251.67210412952
5626,5631,28739,NC,Valley Hill,"Asheville, NC",Henderson County,429781.1319138263,85956.22638276526
5639,5644,28504,NC,La Grange,"Kinston, NC",Lenoir County,162746.70290406328,32549.340580812655
5652,5657,28659,NC,North Wilkesboro,"North Wilkesboro, NC",Wilkes County,183138.5444639613,36627.70889279226
5653,5658,27203,NC,Asheboro,"Greensboro-High Point, NC",Randolph County,148768.3653855749,29753.67307711498
5663,5668,28139,NC,Rutherfordton,"Forest City, NC",Rutherford County,217795.7736818771,43559.15473637542
5695,5700,28120,NC,Mount Holly,"Charlotte-Concord-Gastonia, NC-SC",Gaston County,335955.25374133623,67191.05074826725
5736,5741,27712,NC,Durham,"Durham-Chapel Hill, NC",Durham County,385729.4864985559,77145.89729971119
5750,5755,28786,NC,Waynesville,"Asheville, NC",Haywood County,297371.27041458647,59474.254082917294
5796,5801,28043,NC,Forest City,"Forest City, NC",Rutherford County,164897.67869299822,32979.53573859965
5809,5814,27501,NC,Angier,"Fayetteville, NC",Harnett County,302793.1378192887,60558.62756385774
5886,5891,28630,NC,Granite Falls,"Hickory-Lenoir-Morganton, NC",Caldwell County,210489.9604567868,42097.99209135736
5898,5903,27886,NC,Tarboro,"Rocky Mount, NC",Edgecombe County,131497.39150822363,26299.47830164473
5899,5904,27617,NC,Raleigh,"Raleigh-Cary, NC",Wake County,444544.3950119103,88908.87900238206
5911,5916,28037,NC,Denver,"Charlotte-Concord-Gastonia, NC-SC",Lincoln County,523780.20401983033,104756.04080396607
5982,5987,27403,NC,Greensboro,"Greensboro-High Point, NC",Guilford County,205973.30184090696,41194.660368181394
6000,6006,27801,NC,Rocky Mount,"Rocky Mount, NC",Edgecombe County,118878.49243553336,23775.698487106674
6009,6015,27546,NC,Lillington,"Fayetteville, NC",Harnett County,245772.7770948801,49154.55541897602
6028,6034,27409,NC,Greensboro,"Greensboro-High Point, NC",Guilford County,246921.0197313308,49384.20394626616
6079,6085,27401,NC,Greensboro,"Greensboro-High Point, NC",Guilford County,138481.91617202523,27696.383234405046
6101,6107,27523,NC,Apex,"Raleigh-Cary, NC",Wake County,665731.4029013758,133146.28058027517
6108,6114,28805,NC,Asheville,"Asheville, NC",Buncombe County,441907.5889798438,88381.51779596876
6119,6125,28461,NC,,"Myrtle Beach-Conway-North Myrtle Beach, SC-NC",Brunswick County,491297.6776248561,98259.53552497123
6156,6162,28312,NC,Fayetteville,"Fayetteville, NC",Cumberland County,206898.4994973644,41379.69989947288
6180,6185,28704,NC,Arden,"Asheville, NC",Buncombe County,418831.7284102557,83766.34568205115
6208,6215,27803,NC,Rocky Mount,"Rocky Mount, NC",Nash County,185943.6014251877,37188.72028503754
6233,6240,27518,NC,Cary,"Raleigh-Cary, NC",Wake County,650358.9755480409,130071.7951096082
6282,6289,27576,NC,,"Raleigh-Cary, NC",Johnston County,239267.2526236961,47853.45052473922
6316,6324,28712,NC,Brevard,"Brevard, NC",Transylvania County,415738.2431172311,83147.64862344624
6323,6330,27312,NC,Pittsboro,"Durham-Chapel Hill, NC",Chatham County,506167.15997701086,101233.43199540218
6375,6383,28906,NC,Murphy,,Cherokee County,270790.3885078277,54158.07770156555
6382,6389,27344,NC,Siler City,"Durham-Chapel Hill, NC",Chatham County,234984.8240150652,46996.96480301305
6384,6392,27896,NC,Wilson,"Wilson, NC",Wilson County,260137.10069577428,52027.420139154856
6413,6421,27408,NC,Greensboro,"Greensboro-High Point, NC",Guilford County,308415.7594623343,61683.151892466856
6425,6433,28472,NC,Whiteville,,Columbus County,140549.43241813418,28109.886483626837
6471,6480,28075,NC,Harrisburg,"Charlotte-Concord-Gastonia, NC-SC",Cabarrus County,479890.5021295264,95978.10042590529
6570,6578,28716,NC,Canton,"Asheville, NC",Haywood County,248803.91131653305,49760.78226330661
6597,6607,28574,NC,Richlands,"Jacksonville, NC",Onslow County,236140.04013706476,47228.00802741296
6626,6636,28732,NC,Fletcher,"Asheville, NC",Henderson County,429537.73591289343,85907.5471825787
6640,6650,28365,NC,Mount Olive,,Duplin County,87305.307918599,17461.061583719802
6645,6655,28779,NC,Sylva,"Cullowhee, NC",Jackson County,296957.0785622079,59391.41571244159
6666,6676,27856,NC,Nashville,"Rocky Mount, NC",Nash County,222328.67951513495,44465.735903026994
6669,6679,28034,NC,Dallas,"Charlotte-Concord-Gastonia, NC-SC",Gaston County,268972.4948725755,53794.4989745151
6693,6703,28327,NC,,"Pinehurst-Southern Pines, NC",Moore County,380037.197259567,76007.4394519134
6787,6797,28501,NC,Kinston,"Kinston, NC",Lenoir County,74577.07446973516,14915.414893947032
6838,6847,27282,NC,,"Greensboro-High Point, NC",Guilford County,300086.53602870315,60017.30720574063
6897,6907,28301,NC,Fayetteville,"Fayetteville, NC",Cumberland County,101797.43911114814,20359.48782222963
6911,6921,28036,NC,Davidson,"Charlotte-Concord-Gastonia, NC-SC",Mecklenburg County,613989.1786295263,122797.83572590526
6956,6966,28551,NC,La Grange,"Kinston, NC",Lenoir County,143538.35603555592,28707.671207111183
7008,7017,27596,NC,Youngsville,"Raleigh-Cary, NC",Franklin County,392376.3648620914,78475.27297241827
7077,7087,27504,NC,Benson,"Raleigh-Cary, NC",Johnston County,283559.870965747,56711.9741931494
7089,7099,27358,NC,Summerfield,"Greensboro-High Point, NC",Guilford County,425982.60493301455,85196.52098660292
7090,7100,27574,NC,Roxboro,"Durham-Chapel Hill, NC",Person County,174828.27046359246,34965.65409271849
7103,7113,28539,NC,Hubert,"Jacksonville, NC",Onslow County,241841.5508657157,48368.31017314314
7113,7122,27244,NC,Elon,"Burlington, NC",Alamance County,280508.7549242115,56101.7509848423
7176,7186,27317,NC,Randleman,"Greensboro-High Point, NC",Randolph County,208588.91515359472,41717.78303071894
7215,7226,28023,NC,China Grove,"Charlotte-Concord-Gastonia, NC-SC",Rowan County,237595.0520439304,47519.01040878608
7251,7262,27021,NC,King,"Winston-Salem, NC",Stokes County,228287.90494992645,45657.58098998529
7367,7380,27592,NC,Willow Spring,"Raleigh-Cary, NC",Johnston County,372272.1902003639,74454.43804007278
7371,7384,28557,NC,Morehead City,"Morehead City, NC",Carteret County,367920.2784389372,73584.05568778745
7434,7447,28387,NC,Southern Pines,"Pinehurst-Southern Pines, NC",Moore County,420564.43559716473,84112.88711943295
7548,7561,28360,NC,Lumberton,"Lumberton, NC",Robeson County,161345.886666915,32269.177333383002
7576,7590,28714,NC,Burnsville,,Yancey County,275295.52304484014,55059.10460896803
7612,7626,28791,NC,Hendersonville,"Asheville, NC",Henderson County,399871.5399111144,79974.30798222288
7625,7639,28711,NC,Black Mountain,"Asheville, NC",Buncombe County,433187.4942066502,86637.49884133005
7633,7647,28364,NC,Maxton,"Lumberton, NC",Robeson County,95307.57271740842,19061.514543481684
7645,7659,28164,NC,Stanley,"Charlotte-Concord-Gastonia, NC-SC",Gaston County,325425.8949037641,65085.178980752826
7690,7703,27006,NC,Advance,"Winston-Salem, NC",Davie County,365734.7047788415,73146.94095576831
7709,7723,28374,NC,Pinehurst,"Pinehurst-Southern Pines, NC",Moore County,493776.26060263225,98755.25212052645
7732,7747,28203,NC,Charlotte,"Charlotte-Concord-Gastonia, NC-SC",Mecklenburg County,739543.3547491054,147908.6709498211
7766,7781,27370,NC,Trinity,"Greensboro-High Point, NC",Randolph County,226535.6596313044,45307.13192626089
7771,7787,27536,NC,Henderson,"Henderson, NC",Vance County,76677.95518091,15335.591036181999
7782,7797,27249,NC,Gibsonville,"Greensboro-High Point, NC",Guilford County,239112.7584360597,47822.55168721194
7793,7809,28612,NC,,"Hickory-Lenoir-Morganton, NC",Burke County,203114.62301031625,40622.924602063256
7837,7853,28462,NC,Supply,"Myrtle Beach-Conway-North Myrtle Beach, SC-NC",Brunswick County,463619.171408293,92723.83428165861
7868,7885,27525,NC,Franklinton,"Raleigh-Cary, NC",Franklin County,321899.23591462505,64379.84718292501
7899,7916,28315,NC,Aberdeen,"Pinehurst-Southern Pines, NC",Moore County,301948.84268605924,60389.76853721185
7901,7919,28021,NC,Cherryville,"Charlotte-Concord-Gastonia, NC-SC",Gaston County,215305.7630157247,43061.15260314494
7962,7978,28134,NC,Pineville,"Charlotte-Concord-Gastonia, NC-SC",Mecklenburg County,382471.9908661543,76494.39817323086
8009,8027,27892,NC,Williamston,,Martin County,96908.08071886247,19381.616143772495
8119,8137,27524,NC,Four Oaks,"Raleigh-Cary, NC",Johnston County,249740.5680776153,49948.11361552306
8124,8142,28016,NC,Bessemer City,"Charlotte-Concord-Gastonia, NC-SC",Gaston County,211783.8906295596,42356.77812591192
8151,8169,27863,NC,Pikeville,"Goldsboro, NC",Wayne County,188719.0965167741,37743.81930335482
8171,8189,27214,NC,Browns Summit,"Greensboro-High Point, NC",Guilford County,268729.84633363667,53745.969266727334
8185,8203,28748,NC,Leicester,"Asheville, NC",Buncombe County,387475.8692915297,77495.17385830595
8233,8252,28377,NC,Red Springs,"Lumberton, NC",Robeson County,72927.14532101077,14585.429064202155
8239,8258,27510,NC,Carrboro,"Durham-Chapel Hill, NC",Orange County,447930.4641136114,89586.09282272228
8264,8283,28801,NC,Asheville,"Asheville, NC",Buncombe County,518239.936276365,103647.98725527301
8293,8312,27522,NC,Creedmoor,"Durham-Chapel Hill, NC",Granville County,313893.8037396789,62778.760747935776
8316,8336,28206,NC,Charlotte,"Charlotte-Concord-Gastonia, NC-SC",Mecklenburg County,299024.6563110756,59804.93126221513
8366,8387,27822,NC,Elm City,"Wilson, NC",Wilson County,191848.66751728472,38369.73350345695
8397,8419,27055,NC,Yadkinville,"Winston-Salem, NC",Yadkin County,204131.6076216896,40826.32152433792
8470,8492,28584,NC,,"Morehead City, NC",Carteret County,363238.59945101454,72647.7198902029
8523,8544,28384,NC,Saint Pauls,"Lumberton, NC",Robeson County,110919.79412166374,22183.95882433275
8551,8574,27023,NC,Lewisville,"Winston-Salem, NC",Forsyth County,332429.2854560257,66485.85709120514
8566,8589,28638,NC,,"Hickory-Lenoir-Morganton, NC",Caldwell County,211232.8612607438,42246.57225214876
8585,8609,28697,NC,Wilkesboro,"North Wilkesboro, NC",Wilkes County,244637.90349143065,48927.58069828613
8606,8629,27932,NC,Edenton,,Chowan County,175406.84777018198,35081.3695540364
8617,8642,28372,NC,Pembroke,"Lumberton, NC",Robeson County,138037.81923949168,27607.56384789834
8687,8713,28103,NC,Marshville,"Charlotte-Concord-Gastonia, NC-SC",Union County,248813.14773599143,49762.62954719829
8702,8729,27040,NC,,"Winston-Salem, NC",Forsyth County,292010.4369532603,58402.08739065206
8718,8745,28753,NC,Marshall,"Asheville, NC",Madison County,287329.8303364828,57465.96606729656
8736,8763,28202,NC,Charlotte,"Charlotte-Concord-Gastonia, NC-SC",Mecklenburg County,468478.0548052651,93695.61096105303
8774,8801,27944,NC,Hertford,"Elizabeth City, NC",Perquimans County,245226.3530926532,49045.270618530645
8850,8879,28580,NC,Snow Hill,,Greene County,153325.98942014956,30665.197884029913
8881,8911,28345,NC,Hamlet,"Rockingham, NC",Richmond County,87194.67649637953,17438.935299275905
8882,8912,27910,NC,Ahoskie,,Hertford County,74299.45885612733,14859.891771225466
8956,8986,28650,NC,Maiden,"Hickory-Lenoir-Morganton, NC",Catawba County,245533.96502973363,49106.79300594673
9000,9030,28457,NC,Rocky Point,"Wilmington, NC",Pender County,313180.2736940779,62636.05473881558
9010,9039,27301,NC,Mc Leansville,"Greensboro-High Point, NC",Guilford County,256331.54357071343,51266.30871414269
9014,9044,28723,NC,Cullowhee,"Cullowhee, NC",Jackson County,377215.6131121901,75443.12262243802
9060,9093,28170,NC,Wadesboro,"Charlotte-Concord-Gastonia, NC-SC",Anson County,88629.55480753123,17725.910961506244
9068,9099,28516,NC,Beaufort,"Morehead City, NC",Carteret County,354184.3630177902,70836.87260355805
9163,9197,27948,NC,,"Kill Devil Hills, NC",Dare County,474656.1167068321,94931.22334136642
9207,9241,27958,NC,Moyock,"Virginia Beach-Norfolk-Newport News, VA-NC",Currituck County,444197.4025264037,88839.48050528075
9232,9266,27828,NC,Farmville,"Greenville, NC",Pitt County,177488.64599585815,35497.729199171634
9234,9268,28621,NC,Elkin,"Mount Airy, NC",Surry County,184510.0896972752,36902.01793945504
9262,9296,27298,NC,Liberty,"Greensboro-High Point, NC",Randolph County,210195.8898904684,42039.17797809368
9307,9342,28467,NC,,"Myrtle Beach-Conway-North Myrtle Beach, SC-NC",Brunswick County,341906.10844377265,68381.22168875454
9317,9351,28333,NC,Dudley,"Goldsboro, NC",Wayne County,87400.82454813569,17480.16490962714
9330,9365,28166,NC,Troutman,"Charlotte-Concord-Gastonia, NC-SC",Iredell County,397370.2467708457,79474.04935416915
9365,9401,28337,NC,Elizabethtown,,Bladen County,109316.82891522405,21863.36578304481
9399,9436,27052,NC,Walnut Cove,"Winston-Salem, NC",Stokes County,181284.541962796,36256.908392559206
9407,9444,28460,NC,Sneads Ferry,"Jacksonville, NC",Onslow County,382238.0397662604,76447.60795325208
9410,9447,27376,NC,West End,"Pinehurst-Southern Pines, NC",Moore County,378926.7176139176,75785.34352278353
9411,9448,28721,NC,Clyde,"Asheville, NC",Haywood County,285844.85637313063,57168.97127462613
9441,9479,27608,NC,Raleigh,"Raleigh-Cary, NC",Wake County,872077.2486422317,174415.44972844634
9469,9507,28138,NC,Rockwell,"Charlotte-Concord-Gastonia, NC-SC",Rowan County,236931.9299597761,47386.38599195523
9477,9515,28340,NC,,"Lumberton, NC",Robeson County,94766.0311506425,18953.2062301285
9485,9523,27025,NC,Madison,"Greensboro-High Point, NC",Rockingham County,139325.87415601802,27865.174831203607
9495,9533,28425,NC,Burgaw,"Wilmington, NC",Pender County,238881.5588389747,47776.31176779495
9540,9578,28778,NC,Swannanoa,"Asheville, NC",Buncombe County,340555.0723581986,68111.01447163972
9567,9605,28513,NC,Ayden,"Greenville, NC",Pitt County,183752.29281680493,36750.45856336099
9580,9616,28731,NC,Flat Rock,"Asheville, NC",Henderson County,433967.64592541504,86793.52918508301
9640,9678,27882,NC,Spring Hope,"Rocky Mount, NC",Nash County,190448.62716661772,38089.72543332355
9652,9690,28466,NC,Wallace,,Duplin County,172335.44479878398,34467.088959756795
9670,9709,28168,NC,Vale,"Hickory-Lenoir-Morganton, NC",Catawba County,245324.10764167667,49064.821528335335
9723,9763,27045,NC,Rural Hall,"Winston-Salem, NC",Forsyth County,235738.79066987016,47147.758133974035
9729,9770,28207,NC,Charlotte,"Charlotte-Concord-Gastonia, NC-SC",Mecklenburg County,1628491.0853925738,325698.2170785148
9746,9787,27601,NC,Raleigh,"Raleigh-Cary, NC",Wake County,483588.750530523,96717.7501061046
9756,9797,28777,NC,Spruce Pine,,Mitchell County,214527.4944246563,42905.498884931265
9771,9812,28610,NC,Claremont,"Hickory-Lenoir-Morganton, NC",Catawba County,217344.0527893973,43468.810557879464
9784,9825,28320,NC,Bladenboro,,Bladen County,66486.3830398763,13297.27660797526
9785,9826,28383,NC,Elrod,"Lumberton, NC",Robeson County,96091.95527554372,19218.391055108743
9797,9837,28657,NC,Newland,,Avery County,223738.73839682093,44747.74767936419
9829,9873,27239,NC,Denton,"Winston-Salem, NC",Davidson County,198050.21638219745,39610.043276439494
9903,9948,27017,NC,Dobson,"Mount Airy, NC",Surry County,196845.0566174812,39369.01132349624
9937,9982,28470,NC,Shallotte,"Myrtle Beach-Conway-North Myrtle Beach, SC-NC",Brunswick County,309217.2525913008,61843.450518260164
9961,10007,28761,NC,Nebo,"Marion, NC",McDowell County,285203.740326945,57040.748065388994
10003,10050,27569,NC,Princeton,"Raleigh-Cary, NC",Johnston County,227155.57469335035,45431.11493867007
10065,10112,27542,NC,Kenly,"Raleigh-Cary, NC",Johnston County,211357.65139596956,42271.53027919392
10069,10116,28090,NC,,"Shelby, NC",Cleveland County,97196.8252718012,19439.365054360238
10076,10123,28730,NC,Fairview,"Asheville, NC",Buncombe County,491152.3386840904,98230.46773681809
10096,10143,27837,NC,Grimesland,"Greenville, NC",Pitt County,261115.59722419703,52223.11944483941
10115,10162,27573,NC,Roxboro,"Durham-Chapel Hill, NC",Person County,145442.7387103147,29088.547742062943
10132,10179,28463,NC,Tabor City,,Columbus County,117423.45356447756,23484.690712895514
10134,10182,27357,NC,Stokesdale,"Greensboro-High Point, NC",Rockingham County,288639.93379020964,57727.98675804193
10138,10186,27018,NC,East Bend,"Winston-Salem, NC",Yadkin County,217606.36087258463,43521.272174516926
10143,10191,28174,NC,Wingate,"Charlotte-Concord-Gastonia, NC-SC",Union County,279319.11129815126,55863.82225963025
10176,10224,27572,NC,Rougemont,"Durham-Chapel Hill, NC",Durham County,301035.1372755526,60207.027455110525
10274,10323,28713,NC,Bryson City,"Cullowhee, NC",Swain County,267972.54486006935,53594.50897201387
10305,10355,28904,NC,Hayesville,,Clay County,301931.3774280729,60386.275485614584
10352,10402,28422,NC,,"Myrtle Beach-Conway-North Myrtle Beach, SC-NC",Brunswick County,353771.51483006804,70754.30296601361
10363,10413,27371,NC,Troy,,Montgomery County,193689.1153071529,38737.82306143059
10368,10417,27983,NC,,,Bertie County,34270.39160357907,6854.078320715814
10391,10441,28371,NC,Parkton,"Fayetteville, NC",Robeson County,190399.73213506627,38079.94642701325
10397,10447,28107,NC,,"Charlotte-Concord-Gastonia, NC-SC",Cabarrus County,385385.1060068396,77077.02120136793
10425,10474,27048,NC,Stoneville,"Greensboro-High Point, NC",Rockingham County,115816.4213893587,23163.284277871742
10452,10502,28479,NC,Winnabow,"Myrtle Beach-Conway-North Myrtle Beach, SC-NC",Brunswick County,352212.9430555254,70442.5886111051
10461,10511,28754,NC,Mars Hill,"Asheville, NC",Madison County,366413.0618353944,73282.61236707888
10510,10564,28080,NC,Iron Station,"Charlotte-Concord-Gastonia, NC-SC",Lincoln County,351143.45199059934,70228.69039811987
10528,10583,27589,NC,Warrenton,,Warren County,133330.34833778217,26666.069667556436
10587,10642,28690,NC,,"Hickory-Lenoir-Morganton, NC",Burke County,209362.9945424029,41872.598908480584
10600,10655,27043,NC,Pinnacle,"Winston-Salem, NC",Stokes County,221483.0080802288,44296.601616045766
10633,10688,28771,NC,,,Graham County,221529.0865550245,44305.8173110049
10644,10699,27557,NC,Middlesex,"Rocky Mount, NC",Nash County,217795.30403055856,43559.06080611172
10665,10722,28518,NC,Beulaville,,Duplin County,179041.39554944585,35808.27910988917
10712,10769,28204,NC,Charlotte,"Charlotte-Concord-Gastonia, NC-SC",Mecklenburg County,682384.0875167532,136476.81750335064
10724,10781,28768,NC,Pisgah Forest,"Brevard, NC",Transylvania County,407790.8049860415,81558.16099720831
10797,10854,28398,NC,Warsaw,,Duplin County,114861.89622368652,22972.379244737305
10814,10872,28339,NC,Erwin,"Fayetteville, NC",Harnett County,164666.61459085587,32933.32291817117
10822,10879,28114,NC,Mooresboro,"Forest City, NC",Rutherford County,105115.07579381956,21023.015158763912
10843,10902,27041,NC,Pilot Mountain,"Mount Airy, NC",Surry County,216961.14416596535,43392.228833193076
10849,10908,27954,NC,Manteo,"Kill Devil Hills, NC",Dare County,469866.8719939776,93973.37439879552
10984,11046,27509,NC,Butner,"Durham-Chapel Hill, NC",Granville County,226782.2449380741,45356.44898761482
11021,11084,28694,NC,West Jefferson,,Ashe County,268887.7163575178,53777.543271503564
11071,11138,27316,NC,Ramseur,"Greensboro-High Point, NC",Randolph County,172211.4240331432,34442.284806628646
11102,11169,27850,NC,Littleton,"Roanoke Rapids, NC",Halifax County,216800.84743328972,43360.16948665795
11108,11175,28127,NC,New London,"Albemarle, NC",Stanly County,270466.6607301692,54093.33214603385
11118,11184,27823,NC,Enfield,"Roanoke Rapids, NC",Halifax County,51050.21831888606,10210.043663777213
11130,11197,28785,NC,Waynesville,"Asheville, NC",Haywood County,352780.22956108133,70556.04591221627
11135,11202,28128,NC,Norwood,"Albemarle, NC",Stanly County,248540.9336882116,49708.186737642325
11156,11220,28465,NC,Oak Island,"Myrtle Beach-Conway-North Myrtle Beach, SC-NC",Brunswick County,522183.3844472713,104436.67688945426
11157,11224,27325,NC,Robbins,"Pinehurst-Southern Pines, NC",Moore County,141447.00943190293,28289.401886380587
11177,11245,28040,NC,Ellenboro,"Forest City, NC",Rutherford County,154496.20304417858,30899.240608835717
11191,11259,28445,NC,,"Jacksonville, NC",Onslow County,525071.4982223295,105014.29964446591
11239,11307,27013,NC,Cleveland,"Charlotte-Concord-Gastonia, NC-SC",Rowan County,225302.6708601745,45060.5341720349
11251,11319,28458,NC,,,Duplin County,115382.60802786778,23076.52160557356
11259,11326,27051,NC,Walkertown,"Winston-Salem, NC",Forsyth County,219307.6718207577,43861.53436415154
11260,11326,28124,NC,Mount Pleasant,"Charlotte-Concord-Gastonia, NC-SC",Cabarrus County,323130.51997139124,64626.10399427825
11265,11334,27377,NC,Whitsett,"Greensboro-High Point, NC",Guilford County,289325.4920565465,57865.0984113093
11283,11352,27505,NC,Broadway,"Fayetteville, NC",Harnett County,240139.0488008319,48027.80976016638
11299,11367,27817,NC,,"Washington, NC",Beaufort County,305529.0429610863,61105.80859221727
11303,11372,28586,NC,Vanceboro,"New Bern, NC",Craven County,151226.23308371147,30245.246616742297
11313,11383,27949,NC,Kitty Hawk,"Kill Devil Hills, NC",Dare County,747321.7307277342,149464.34614554685
11338,11408,28678,NC,Stony Point,"Hickory-Lenoir-Morganton, NC",Alexander County,217215.09550293756,43443.01910058752
11395,11467,27310,NC,Oak Ridge,"Greensboro-High Point, NC",Guilford County,480492.52998388576,96098.50599677715
11421,11494,28469,NC,Ocean Isle Beach,"Myrtle Beach-Conway-North Myrtle Beach, SC-NC",Brunswick County,594747.8066984686,118949.56133969373
11481,11557,28604,NC,Banner Elk,,Avery County,456896.7915378132,91379.35830756265
11528,11603,27306,NC,Mount Gilead,,Montgomery County,227694.43489193404,45538.886978386814
11538,11615,28651,NC,Millers Creek,"North Wilkesboro, NC",Wilkes County,215284.32513091317,43056.86502618264
11572,11649,28073,NC,Grover,"Shelby, NC",Cleveland County,100099.73097797691,20019.946195595385
11586,11663,28789,NC,Whittier,"Cullowhee, NC",Jackson County,292828.3028531712,58565.66057063424
11605,11680,28705,NC,Bakersville,,Mitchell County,197148.7620840983,39429.75241681966
11609,11686,28428,NC,Carolina Beach,"Wilmington, NC",New Hanover County,610077.1122113024,122015.42244226049
11610,11687,27313,NC,Pleasant Garden,"Greensboro-High Point, NC",Guilford County,254316.28698248463,50863.25739649693
11612,11690,28675,NC,Sparta,,Alleghany County,216268.84029638008,43253.768059276015
11684,11767,28762,NC,Old Fort,"Marion, NC",McDowell County,247765.90916389905,49553.18183277981
11698,11780,28431,NC,Chadbourn,,Columbus County,113693.30948365566,22738.661896731133
11721,11805,28429,NC,Castle Hayne,"Wilmington, NC",New Hanover County,300009.66265496,60001.932530992
11754,11837,28420,NC,Ash,"Myrtle Beach-Conway-North Myrtle Beach, SC-NC",Brunswick County,214556.6378349893,42911.32756699786
11760,11844,28572,NC,Pink Hill,"Kinston, NC",Lenoir County,139321.63197048943,27864.326394097887
11761,11845,27962,NC,Plymouth,,Washington County,74798.88513798184,14959.777027596368
11780,11863,28530,NC,Grifton,"Greenville, NC",Pitt County,142896.32735826852,28579.265471653707
11791,11874,28673,NC,Sherrills Ford,"Hickory-Lenoir-Morganton, NC",Catawba County,495974.5164184838,99194.90328369677
11798,11881,27020,NC,Hamptonville,"Winston-Salem, NC",Yadkin County,198091.25717686964,39618.25143537393
11806,11890,28578,NC,Seven Springs,"Goldsboro, NC",Wayne County,90404.11006013853,18080.822012027707
11896,11981,28759,NC,Mills River,"Asheville, NC",Henderson County,485331.65096595854,97066.33019319171
11898,11984,27605,NC,Raleigh,"Raleigh-Cary, NC",Wake County,671792.62395398,134358.52479079601
11912,11999,28722,NC,Tryon,,Polk County,343626.6716689105,68725.3343337821
11957,12046,27350,NC,Sophia,"Greensboro-High Point, NC",Randolph County,213747.29356795156,42749.45871359031
12025,12114,27258,NC,Mebane,"Burlington, NC",Alamance County,282585.06579190417,56517.01315838084
12055,12145,28609,NC,Catawba,"Hickory-Lenoir-Morganton, NC",Catawba County,251663.26393021308,50332.65278604262
12060,12151,28478,NC,Willard,"Wilmington, NC",Pender County,168785.5600466561,33757.11200933122
12104,12195,28382,NC,Roseboro,,Sampson County,102609.26322621868,20521.852645243736
12151,12245,28386,NC,,"Fayetteville, NC",Hoke County,93323.84394276828,18664.768788553654
12164,12258,28135,NC,Polkton,"Charlotte-Concord-Gastonia, NC-SC",Anson County,112168.09615870506,22433.619231741013
12233,12328,27521,NC,Coats,"Fayetteville, NC",Harnett County,210311.1105183163,42062.22210366326
12293,12390,28782,NC,Tryon,,Polk County,349271.31523494096,69854.2630469882
12306,12402,28642,NC,Jonesville,"Winston-Salem, NC",Yadkin County,153239.92647235745,30647.98529447149
12317,12414,27349,NC,Snow Camp,"Burlington, NC",Alamance County,271541.3198738094,54308.26397476188
12361,12462,27583,NC,Timberlake,"Durham-Chapel Hill, NC",Person County,260406.36530691103,52081.273061382206
12416,12517,27855,NC,Murfreesboro,,Hertford County,86171.41697779804,17234.28339555961
12444,12547,27299,NC,Lexington,"Winston-Salem, NC",Davidson County,203342.39878379204,40668.47975675841
12449,12552,28555,NC,Maysville,"Jacksonville, NC",Onslow County,188960.5882081109,37792.11764162218
12458,12562,28605,NC,Blowing Rock,"Boone, NC",Watauga County,655628.5831098106,131125.7166219621
12467,12569,28129,NC,Oakboro,"Albemarle, NC",Stanly County,292464.19060694426,58492.83812138886
12517,12621,27235,NC,Colfax,"Greensboro-High Point, NC",Guilford County,360327.4355447039,72065.48710894078
12532,12636,28163,NC,Stanfield,"Albemarle, NC",Stanly County,323283.1076650167,64656.621533003345
12631,12739,27243,NC,Efland,"Durham-Chapel Hill, NC",Orange County,321501.5111503413,64300.302230068264
12635,12743,27248,NC,Franklinville,"Greensboro-High Point, NC",Randolph County,167230.87470318726,33446.17494063745
12661,12769,27809,NC,,"Rocky Mount, NC",Nash County,185954.73037279092,37190.94607455818
12702,12812,28018,NC,Bostic,"Forest City, NC",Rutherford County,181882.988322332,36376.597664466404
12750,12863,27807,NC,Bailey,"Rocky Mount, NC",Nash County,212388.52540748825,42477.705081497654
12785,12897,27503,NC,Bahama,"Durham-Chapel Hill, NC",Durham County,418153.3750027238,83630.67500054477
12817,12930,28305,NC,Fayetteville,"Fayetteville, NC",Cumberland County,231612.0016551797,46322.40033103594
12839,12952,28341,NC,Faison,,Duplin County,103857.00817422124,20771.40163484425
12877,12992,28468,NC,Sunset Beach,"Myrtle Beach-Conway-North Myrtle Beach, SC-NC",Brunswick County,489560.3928735728,97912.07857471457
12896,13011,27341,NC,Seagrove,"Greensboro-High Point, NC",Randolph County,178190.4150758436,35638.08301516872
12908,13022,28742,NC,Horse Shoe,"Asheville, NC",Henderson County,416515.6547398213,83303.13094796427
12912,13027,28366,NC,Newton Grove,,Sampson County,131998.54292292462,26399.708584584925
12927,13042,27379,NC,Yanceyville,,Caswell County,134788.10229962476,26957.620459924954
12948,13063,27871,NC,,,Martin County,80458.50938159467,16091.701876318935
12959,13073,28433,NC,Clarkton,,Bladen County,81906.73287934392,16381.346575868785
13005,13121,28901,NC,Andrews,,Cherokee County,210822.4792917557,42164.49585835115
13051,13165,27050,NC,Tobaccoville,"Winston-Salem, NC",Forsyth County,221987.40210396485,44397.48042079297
13098,13214,28097,NC,,"Albemarle, NC",Stanly County,343443.70666811144,68688.7413336223
13112,13230,27209,NC,Biscoe,,Montgomery County,143986.22577682845,28797.24515536569
13126,13244,27891,NC,Whitakers,"Rocky Mount, NC",Nash County,145753.18685796566,29150.637371593133
13128,13247,27851,NC,Lucama,"Wilson, NC",Wilson County,161024.04349564423,32204.808699128847
13171,13289,28394,NC,Vass,"Pinehurst-Southern Pines, NC",Moore County,319863.9975492508,63972.799509850156
13240,13360,28318,NC,Autryville,,Sampson County,148562.0450332717,29712.40900665434
13248,13367,27563,NC,Norlina,,Warren County,123041.85951119842,24608.371902239684
13279,13399,27544,NC,Kittrell,"Henderson, NC",Vance County,179073.92669088277,35814.78533817655
13307,13428,28351,NC,Laurel Hill,"Laurinburg, NC",Scotland County,82917.17627374272,16583.435254748543
13354,13476,28323,NC,Bunnlevel,"Fayetteville, NC",Harnett County,263228.15549946175,52645.63109989235
13382,13505,28356,NC,Linden,"Fayetteville, NC",Harnett County,237129.04348643115,47425.80869728624
13390,13515,28391,NC,Stedman,"Fayetteville, NC",Cumberland County,214447.0755731988,42889.41511463976
13501,13625,27011,NC,Boonville,"Winston-Salem, NC",Yadkin County,189673.00320677075,37934.600641354155
13622,13752,28751,NC,Maggie Valley,"Asheville, NC",Haywood County,352797.79043171974,70559.55808634395
13758,13893,28701,NC,Alexander,"Asheville, NC",Buncombe County,381844.23906582623,76368.84781316525
13800,13933,28636,NC,Hiddenite,"Hickory-Lenoir-Morganton, NC",Alexander County,160379.0305102565,32075.8061020513
13806,13941,27830,NC,,"Goldsboro, NC",Wayne County,89700.70792187659,17940.141584375317
13811,13945,27541,NC,Hurdle Mills,"Durham-Chapel Hill, NC",Person County,272897.3223048319,54579.46446096638
13921,14059,27027,NC,Mayodan,"Greensboro-High Point, NC",Rockingham County,102273.91050577578,20454.782101155157
13942,14080,28692,NC,Vilas,"Boone, NC",Watauga County,367135.76371842506,73427.15274368502
13943,14082,27921,NC,Camden,"Virginia Beach-Norfolk-Newport News, VA-NC",Camden County,313888.8181390527,62777.76362781055
13968,14107,28456,NC,Riegelwood,,Columbus County,132798.14124906124,26559.62824981225
14000,14140,27571,NC,Rolesville,"Raleigh-Cary, NC",Wake County,486714.1728479548,97342.83456959097
14007,14146,28544,NC,Midway Park,"Jacksonville, NC",Onslow County,179527.93842083818,35905.587684167636
14017,14157,27864,NC,Pinetops,"Rocky Mount, NC",Edgecombe County,136747.69341874198,27349.538683748397
14073,14215,27839,NC,Halifax,"Roanoke Rapids, NC",Halifax County,68911.80626641336,13782.361253282674
14097,14239,28756,NC,,,Polk County,318444.1922936289,63688.838458725775
14155,14298,28338,NC,Ellerbe,"Rockingham, NC",Richmond County,98356.37103789276,19671.274207578554
14182,14326,28773,NC,Saluda,,Polk County,391356.0014628647,78271.20029257295
14199,14343,27019,NC,Germanton,"Winston-Salem, NC",Stokes County,213860.7412697844,42772.14825395688
14204,14350,28634,NC,Harmony,"Charlotte-Concord-Gastonia, NC-SC",Iredell County,227836.57887125836,45567.31577425168
14216,14362,27805,NC,Aulander,,Hertford County,55576.0798224934,11115.21596449868
14268,14415,27874,NC,Scotland Neck,"Roanoke Rapids, NC",Halifax County,63604.12246999672,12720.824493999346
14309,14456,28585,NC,Trenton,"New Bern, NC",Jones County,106816.247848904,21363.2495697808
14337,14484,27207,NC,Bear Creek,"Durham-Chapel Hill, NC",Chatham County,278724.35838622827,55744.871677245654
14391,14541,27810,NC,Belhaven,"Washington, NC",Beaufort County,220765.78277751055,44153.156555502115
14406,14556,27883,NC,Stantonsburg,,Greene County,137689.8274201899,27537.96548403798
14412,14562,28098,NC,Lowell,"Charlotte-Concord-Gastonia, NC-SC",Gaston County,253875.1787621701,50775.03575243402
14414,14562,27925,NC,Columbia,,Tyrrell County,139750.35150211447,27950.070300422896
14441,14593,28654,NC,Moravian Falls,"North Wilkesboro, NC",Wilkes County,221120.77192072303,44224.15438414461
14486,14639,27937,NC,Gates,"Virginia Beach-Norfolk-Newport News, VA-NC",Gates County,214394.1924669704,42878.83849339408
14535,14693,28741,NC,Highlands,,Macon County,834126.9116518152,166825.38233036303
14567,14729,27970,NC,Roper,,Washington County,91945.24572383457,18389.049144766916
14673,14837,28441,NC,Garland,,Sampson County,62521.679038271664,12504.335807654334
14676,14840,28573,NC,Pollocksville,"New Bern, NC",Jones County,127381.45247255413,25476.290494510828
14745,14916,28640,NC,Laurel Springs,,Ashe County,280921.3430447173,56184.26860894346
14761,14932,28594,NC,Emerald Isle,"Morehead City, NC",Carteret County,714476.7160465788,142895.34320931576
14763,14934,28349,NC,Kenansville,,Duplin County,162406.3270987893,32481.265419757863
14827,14999,27976,NC,South Mills,"Virginia Beach-Norfolk-Newport News, VA-NC",Camden County,342019.6449684881,68403.92899369761
14885,15061,27229,NC,Candor,,Montgomery County,130840.47919155104,26168.09583831021
14900,15078,28676,NC,Elkin,"Mount Airy, NC",Surry County,210530.5013442808,42106.100268856164
14954,15129,27831,NC,Gaston,"Roanoke Rapids, NC",Northampton County,73925.37519349631,14785.075038699262
14960,15137,27233,NC,Climax,"Greensboro-High Point, NC",Randolph County,220577.92737854933,44115.58547570987
14964,15141,28669,NC,Roaring River,"North Wilkesboro, NC",Wilkes County,201910.84008883257,40382.16801776652
14991,15169,28453,NC,Magnolia,,Duplin County,117183.16695573022,23436.633391146046
15000,15180,27846,NC,Jamesville,,Martin County,88129.77856257702,17625.955712515406
15008,15188,28508,NC,Albertson,,Duplin County,162597.36928692038,32519.473857384077
15045,15228,27924,NC,,,Bertie County,46317.56811195474,9263.513622390949
15065,15251,28125,NC,Mount Ulla,"Charlotte-Concord-Gastonia, NC-SC",Rowan County,336344.14972198266,67268.82994439654
15132,15319,28137,NC,Richfield,"Albemarle, NC",Stanly County,260719.6442578096,52143.92885156192
15156,15342,28643,NC,Lansing,,Ashe County,206693.8147104885,41338.7629420977
15169,15357,28905,NC,Marble,,Cherokee County,243193.4631791068,48638.69263582136
15232,15424,28344,NC,Wade,"Fayetteville, NC",Cumberland County,164411.50755449265,32882.301510898535
15270,15461,27281,NC,Jackson Springs,"Pinehurst-Southern Pines, NC",Moore County,349724.7769806098,69944.95539612196
15297,15492,28454,NC,Maple Hill,"Jacksonville, NC",Onslow County,230686.17705382864,46137.23541076573
15300,15495,27326,NC,Ruffin,"Greensboro-High Point, NC",Rockingham County,140397.13717649525,28079.42743529905
15308,15503,28071,NC,Gold Hill,"Charlotte-Concord-Gastonia, NC-SC",Rowan County,249981.85650584404,49996.37130116881
15344,15534,28635,NC,Hays,"North Wilkesboro, NC",Wilkes County,189564.9760358991,37912.995207179825
15353,15549,27806,NC,Aurora,"Washington, NC",Beaufort County,124935.19600020938,24987.03920004188
15359,15554,27562,NC,New Hill,"Raleigh-Cary, NC",Wake County,601679.7024619731,120335.94049239461
15360,15554,28512,NC,,"Morehead City, NC",Carteret County,704721.534604643,140944.30692092862
15447,15650,27880,NC,Sims,"Wilson, NC",Wilson County,250691.1748642649,50138.23497285298
15448,15650,27311,NC,Providence,,Caswell County,113372.99414554964,22674.59882910993
15530,15734,28160,NC,Spindale,"Forest City, NC",Rutherford County,121837.061976534,24367.4123953068
15561,15769,28684,NC,Todd,"Boone, NC",Watauga County,382453.80170336337,76490.76034067267
15609,15819,28525,NC,Deep Run,"Kinston, NC",Lenoir County,124710.63877295954,24942.12775459191
15654,15863,27852,NC,Pinetops,"Rocky Mount, NC",Edgecombe County,144375.82372551147,28875.164745102295
15677,15890,28670,NC,Ronda,"North Wilkesboro, NC",Wilkes County,186696.6118482648,37339.32236965296
15742,15959,27053,NC,Mount Airy,"Winston-Salem, NC",Stokes County,184669.5583421419,36933.91166842839
15808,16033,28369,NC,Proctorville,"Lumberton, NC",Robeson County,102933.86875413232,20586.773750826465
15820,16044,27845,NC,,"Roanoke Rapids, NC",Northampton County,85885.77536709128,17177.155073418257
15872,16099,28167,NC,Union Mills,"Forest City, NC",Rutherford County,194486.34387702067,38897.26877540413
15923,16151,28790,NC,Zirconia,"Asheville, NC",Henderson County,356183.5609180881,71236.71218361762
16004,16234,28395,NC,Wade,"Fayetteville, NC",Cumberland County,219150.61192761143,43830.12238552229
16035,16264,27581,NC,Stem,"Durham-Chapel Hill, NC",Granville County,279463.3855767495,55892.67711534991
16048,16277,27559,NC,Moncure,"Durham-Chapel Hill, NC",Chatham County,394169.49381831335,78833.89876366267
16050,16281,28385,NC,Salemburg,,Sampson County,119242.38256325516,23848.476512651032
16063,16295,28033,NC,Crouse,"Charlotte-Concord-Gastonia, NC-SC",Lincoln County,263546.952105351,52709.39042107021
16066,16296,27959,NC,,"Kill Devil Hills, NC",Dare County,656782.9391517438,131356.58783034876
16147,16380,27816,NC,Castalia,"Raleigh-Cary, NC",Franklin County,182712.5529281308,36542.510585626165
16164,16398,28032,NC,Cramerton,"Charlotte-Concord-Gastonia, NC-SC",Gaston County,264631.02924192214,52926.20584838443
16167,16401,28526,NC,Dover,"New Bern, NC",Craven County,107737.41774254746,21547.483548509495
16276,16516,27356,NC,Star,,Montgomery County,142447.8497208469,28489.56994416938
16293,16535,28689,NC,Union Grove,"Charlotte-Concord-Gastonia, NC-SC",Iredell County,285177.8201478229,57035.564029564586
16298,16535,28423,NC,Bolton,,Columbus County,119723.05072202276,23944.610144404553
16390,16636,28373,NC,Pinebluff,"Pinehurst-Southern Pines, NC",Moore County,262237.8320935213,52447.566418704264
16493,16750,28363,NC,Wagram,"Laurinburg, NC",Scotland County,94366.32008482818,18873.264016965637
16496,16750,27355,NC,Staley,"Greensboro-High Point, NC",Randolph County,201957.2305884954,40391.44611769909
16531,16790,28396,NC,Wagram,"Laurinburg, NC",Scotland County,137924.9371509366,27584.98743018732
16560,16819,28133,NC,Peachland,"Charlotte-Concord-Gastonia, NC-SC",Anson County,139365.0551968308,27873.01103936616
16562,16823,28582,NC,Stella,"Jacksonville, NC",Onslow County,352244.2764403632,70448.85528807265
16564,16824,27950,NC,Knotts Island,"Virginia Beach-Norfolk-Newport News, VA-NC",Currituck County,360816.7234847088,72163.34469694177
16578,16838,27812,NC,Bethel,"Rocky Mount, NC",Edgecombe County,125247.48528102331,25049.497056204666
16594,16855,28740,NC,Bakersville,,Yancey County,229098.87986145428,45819.77597229086
16597,16858,28763,NC,Otto,,Macon County,264611.3382129636,52922.26764259272
16634,16894,28091,NC,Lilesville,"Charlotte-Concord-Gastonia, NC-SC",Anson County,65551.99572736201,13110.399145472402
16656,16919,28436,NC,Delco,,Columbus County,162607.37762237762,32521.475524475525
16663,16923,27888,NC,Walstonburg,,Greene County,150349.4764621218,30069.89529242436
16696,16961,27024,NC,Lowgap,"Mount Airy, NC",Surry County,167873.90571576238,33574.781143152475
16728,16997,28357,NC,Lumber Bridge,"Fayetteville, NC",Hoke County,155216.4219237983,31043.284384759663
16742,17009,27283,NC,Julian,"Greensboro-High Point, NC",Guilford County,219572.1984004644,43914.43968009288
16754,17023,28571,NC,Oriental,"New Bern, NC",Pamlico County,388730.0265478495,77746.00530956991
16785,17057,28726,NC,East Flat Rock,"Asheville, NC",Henderson County,264682.6173513992,52936.52347027985
16852,17127,27920,NC,Frisco,"Kill Devil Hills, NC",Dare County,429677.6352401997,85935.52704803995
16956,17233,28159,NC,Spencer,"Charlotte-Concord-Gastonia, NC-SC",Rowan County,162691.22303524337,32538.244607048677
16961,17236,28464,NC,Teachey,,Duplin County,166397.06623281376,33279.413246562755
16983,17258,27009,NC,Belews Creek,"Winston-Salem, NC",Forsyth County,274000.6272329322,54800.12544658644
16998,17275,28665,NC,Purlear,"North Wilkesboro, NC",Wilkes County,271063.2293951074,54212.64587902149
17080,17364,28618,NC,Deep Gap,"Boone, NC",Watauga County,347776.1420606326,69555.22841212653
17131,17418,28430,NC,Cerro Gordo,,Columbus County,142864.875,28572.975000000002
17145,17435,28515,NC,,"New Bern, NC",Pamlico County,153597.3462594426,30719.46925188852
17182,17469,27844,NC,Hollister,"Roanoke Rapids, NC",Halifax County,50740.34729745761,10148.069459491522
17213,17506,28709,NC,Barnardsville,"Asheville, NC",Buncombe County,338947.0555843844,67789.41111687689
17218,17506,28538,NC,Hookerton,,Greene County,145863.97768180832,29172.795536361664
17235,17530,27832,NC,Gaston,"Roanoke Rapids, NC",Northampton County,104390.36662448652,20878.073324897305
17278,17573,27553,NC,Manson,"Henderson, NC",Vance County,221189.74673800683,44237.94934760137
17358,17661,27814,NC,Blounts Creek,"Washington, NC",Beaufort County,192724.9572287028,38544.99144574056
17365,17671,27808,NC,Bath,"Washington, NC",Beaufort County,347023.6311730755,69404.72623461511
17476,17789,28527,NC,Ernul,"New Bern, NC",Craven County,177968.30447023408,35593.66089404682
17521,17827,28660,NC,Olin,"Charlotte-Concord-Gastonia, NC-SC",Iredell County,292652.6133478003,58530.52266956006
17571,17885,27869,NC,,"Roanoke Rapids, NC",Northampton County,68643.03742932994,13728.607485865989
17641,17962,27212,NC,Blanch,,Caswell County,171337.7474764772,34267.54949529544
17682,18008,28615,NC,Creston,,Ashe County,196874.60667223987,39374.92133444798
17700,18028,28617,NC,Crumpler,,Ashe County,235395.22971491283,47079.04594298257
17735,18069,27291,NC,Leasburg,,Caswell County,251787.8626239878,50357.572524797564
17739,18074,27964,NC,,"Virginia Beach-Norfolk-Newport News, VA-NC",Currituck County,393124.4642733722,78624.89285467444
17741,18074,28746,NC,Lake Lure,"Forest City, NC",Rutherford County,437672.5951531034,87534.5190306207
17742,18077,28523,NC,Cove City,"New Bern, NC",Craven County,147915.96778581853,29583.193557163708
17780,18119,28626,NC,Fleetwood,,Ashe County,321123.724924258,64224.744984851604
17788,18124,27820,NC,Conway,"Roanoke Rapids, NC",Northampton County,106883.68321003912,21376.736642007825
17798,18141,28622,NC,Elk Park,,Avery County,239333.26600553512,47866.65320110702
17807,18154,27007,NC,Ararat,"Mount Airy, NC",Surry County,211502.02749737748,42300.4054994755
17818,18165,28679,NC,Vilas,"Boone, NC",Watauga County,349904.6663289705,69980.93326579411
17846,18194,28455,NC,Nakina,,Columbus County,147468.7142857143,29493.74285714286
17903,18256,28644,NC,Laurel Springs,,Alleghany County,238549.6983865785,47709.939677315706
17911,18266,28450,NC,Lake Waccamaw,,Columbus County,290722.79821050406,58144.559642100816
17914,18266,28088,NC,Landis,"Charlotte-Concord-Gastonia, NC-SC",Rowan County,232514.62302642252,46502.924605284505
17960,18318,28521,NC,Chinquapin,,Duplin County,170269.4379137585,34053.887582751704
17999,18358,27897,NC,Woodland,"Roanoke Rapids, NC",Northampton County,82798.9332153413,16559.78664306826
18016,18378,28435,NC,Currie,"Wilmington, NC",Pender County,195538.1851159756,39107.63702319512
18017,18378,27231,NC,Cedar Grove,"Durham-Chapel Hill, NC",Orange County,298033.9268983535,59606.785379670706
18037,18398,28119,NC,Morven,"Charlotte-Concord-Gastonia, NC-SC",Anson County,53485.636304549145,10697.12726090983
18059,18424,27884,NC,Stokes,"Greenville, NC",Pitt County,188929.8348793228,37785.96697586456
18100,18464,27508,NC,Bunn,"Raleigh-Cary, NC",Franklin County,215727.13188601917,43145.42637720384
18104,18469,28729,NC,Etowah,"Asheville, NC",Henderson County,392609.9513730556,78521.99027461112
18107,18474,28393,NC,Turkey,,Sampson County,92060.37202400232,18412.074404800467
18133,18502,27935,NC,Eure,"Virginia Beach-Norfolk-Newport News, VA-NC",Gates County,202723.21963588567,40544.64392717714
18147,18513,27343,NC,Semora,"Durham-Chapel Hill, NC",Person County,463571.8868060598,92714.37736121197
18161,18528,27551,NC,Macon,,Warren County,319690.76907615404,63938.15381523081
18303,18689,27507,NC,Bullock,"Henderson, NC",Vance County,188109.45960630977,37621.89192126196
18344,18736,27315,NC,Providence,,Caswell County,166866.04726793073,33373.20945358615
18414,18809,28444,NC,Garland,,Sampson County,110819.23936609742,22163.847873219485
18416,18809,28698,NC,Zionville,"Boone, NC",Watauga County,300320.5033007826,60064.10066015652
18424,18824,28447,NC,Ivanhoe,,Sampson County,124441.3009867781,24888.26019735562
18439,18838,28743,NC,Hot Springs,"Asheville, NC",Madison County,275654.5081598493,55130.90163196987
18481,18879,27054,NC,Woodleaf,"Charlotte-Concord-Gastonia, NC-SC",Rowan County,199232.35596880355,39846.47119376071
18498,18900,27829,NC,,"Greenville, NC",Pitt County,147974.89080433504,29594.97816086701
18515,18918,28529,NC,,"New Bern, NC",Pamlico County,170257.33938630376,34051.46787726075
18528,18933,28902,NC,Murphy,,Cherokee County,279715.82462828566,55943.16492565713
18603,19017,27890,NC,Weldon,"Roanoke Rapids, NC",Halifax County,59770.00199544564,11954.000399089127
18765,19190,27046,NC,Sandy Ridge,"Winston-Salem, NC",Stokes County,163402.9054196464,32680.581083929283
18878,19329,27242,NC,Eagle Springs,"Pinehurst-Southern Pines, NC",Moore County,156738.63068231908,31347.726136463818
18923,19378,27860,NC,Pantego,"Washington, NC",Beaufort County,134441.89165398924,26888.37833079785
18940,19399,28432,NC,Clarendon,,Columbus County,161934.63120567377,32386.926241134755
19023,19487,28020,NC,Casar,"Shelby, NC",Cleveland County,92338.1797137332,18467.63594274664
19091,19560,28442,NC,Hallsboro,,Columbus County,115441.30434782608,23088.260869565216
19097,19566,28747,NC,Lake Toxaway,"Brevard, NC",Transylvania County,579294.0457846698,115858.80915693397
19131,19603,28685,NC,Traphill,"North Wilkesboro, NC",Wilkes County,204375.8995215044,40875.17990430089
19134,19603,27928,NC,Creswell,,Washington County,92917.52641500144,18583.50528300029
19166,19641,27980,NC,,,Chowan County,147469.68706773492,29493.937413546984
19222,19700,28480,NC,Wrightsville Beach,"Wilmington, NC",New Hanover County,1821500.2056664664,364300.0411332933
19288,19778,27979,NC,Sunbury,"Virginia Beach-Norfolk-Newport News, VA-NC",Gates County,187571.19719384087,37514.23943876818
19358,19862,27916,NC,,"Virginia Beach-Norfolk-Newport News, VA-NC",Currituck County,365810.973713377,73162.1947426754
19377,19880,27973,NC,Shawboro,"Virginia Beach-Norfolk-Newport News, VA-NC",Currituck County,330911.2905443305,66182.2581088661
19434,19945,27926,NC,Corapeake,"Virginia Beach-Norfolk-Newport News, VA-NC",Gates County,237590.61661834863,47518.12332366973
19435,19950,27974,NC,Shawboro,"Virginia Beach-Norfolk-Newport News, VA-NC",Camden County,244255.6648540517,48851.132970810344
19453,19969,27016,NC,Danbury,"Winston-Salem, NC",Stokes County,177365.74765842874,35473.14953168575
19465,19982,28693,NC,Warrensville,,Ashe County,195377.57611980973,39075.51522396195
19541,20065,28717,NC,Cashiers,"Cullowhee, NC",Jackson County,1131413.790328867,226282.7580657734
19551,20077,27252,NC,Goldston,"Durham-Chapel Hill, NC",Chatham County,253981.96984154973,50796.393968309945
19552,20077,28606,NC,Lenoir,"North Wilkesboro, NC",Wilkes County,207101.32970779607,41420.26594155922
19557,20086,27929,NC,Currituck,"Virginia Beach-Norfolk-Newport News, VA-NC",Currituck County,425900.5261948137,85180.10523896274
19690,20231,27938,NC,Gatesville,"Virginia Beach-Norfolk-Newport News, VA-NC",Gates County,174027.6894672911,34805.53789345822
19734,20288,28438,NC,Evergreen,,Columbus County,112179.53174603176,22435.906349206354
19784,20343,28624,NC,Purlear,"North Wilkesboro, NC",Wilkes County,273361.42838181177,54672.28567636236
19835,20397,28421,NC,Atkinson,"Wilmington, NC",Pender County,175233.34090711628,35046.66818142326
19904,20478,28682,NC,Terrell,"Hickory-Lenoir-Morganton, NC",Catawba County,722009.6756677633,144401.93513355267
19941,20520,28774,NC,Sapphire,"Brevard, NC",Transylvania County,608270.6106313936,121654.12212627873
20096,20705,27208,NC,Bennett,"Durham-Chapel Hill, NC",Chatham County,227878.16688775647,45575.6333775513
20130,20745,27939,NC,,"Virginia Beach-Norfolk-Newport News, VA-NC",Currituck County,345951.111432261,69190.2222864522
20253,20888,27885,NC,Engelhard,,Hyde County,162890.74176618396,32578.148353236793
20295,20931,28343,NC,Gibson,"Laurinburg, NC",Scotland County,80910.58055653596,16182.116111307194
20384,21037,28683,NC,Thurmond,"Mount Airy, NC",Surry County,202476.24264072583,40495.248528145166
20446,21104,27842,NC,Henrico,"Roanoke Rapids, NC",Northampton County,557894.6379340094,111578.92758680189
20562,21238,28623,NC,Ennice,,Alleghany County,184998.73661154872,36999.74732230975
20583,21259,27843,NC,,,Martin County,78201.20962084326,15640.241924168653
20612,21293,28510,NC,Arapahoe,"New Bern, NC",Pamlico County,301674.5685169129,60334.91370338259
20697,21386,27947,NC,Poplar Branch,"Virginia Beach-Norfolk-Newport News, VA-NC",Currituck County,315141.59107443865,63028.31821488773
20709,21403,28627,NC,Glade Valley,,Alleghany County,314628.3098582073,62925.661971641464
20836,21541,28449,NC,Kure Beach,"Wilmington, NC",New Hanover County,729702.6872832145,145940.53745664292
20943,21667,27305,NC,Milton,,Caswell County,114098.19069507152,22819.638139014307
21049,21785,28783,NC,Tuckasegee,"Cullowhee, NC",Jackson County,376084.77186186425,75216.95437237286
21080,21822,27022,NC,Lawsonville,"Winston-Salem, NC",Stokes County,188756.02707795973,37751.20541559195
21175,21938,28556,NC,Oriental,"New Bern, NC",Pamlico County,330538.13192436635,66107.62638487328
21496,22311,28611,NC,Collettsville,"Hickory-Lenoir-Morganton, NC",Caldwell County,137967.22085409978,27593.44417081996
21500,22319,27919,NC,Belvidere,"Elizabeth City, NC",Perquimans County,201017.3346236616,40203.46692473232
21505,22319,27876,NC,Seaboard,"Roanoke Rapids, NC",Northampton County,79101.41963300039,15820.28392660008
21526,22346,27847,NC,Kelford,,Bertie County,32547.843625254256,6509.568725050852
21547,22368,28718,NC,Brevard,"Brevard, NC",Transylvania County,333064.7181826018,66612.94363652036
21588,22420,28909,NC,Warne,,Clay County,237345.8131260723,47469.16262521446
21651,22499,27857,NC,,,Martin County,89051.91335053538,17810.382670107076
21663,22508,27957,NC,Merry Hill,,Bertie County,59633.57054608254,11926.71410921651
21707,22564,27314,NC,Prospect Hill,,Caswell County,219470.08492692612,43894.01698538523
21858,22739,27849,NC,Scotland Neck,,Halifax County,31316.716073066556,6263.343214613312
21883,22761,28736,NC,Glenville,"Cullowhee, NC",Jackson County,652178.6285936091,130435.72571872182
21893,22777,28772,NC,Brevard,"Brevard, NC",Transylvania County,283828.48858207546,56765.697716415096
22042,22948,28631,NC,Grassy Creek,,Ashe County,270636.31325809617,54127.26265161924
22098,23014,28531,NC,Harkers Island,"Morehead City, NC",Carteret County,325638.5536340717,65127.710726814345
22126,23045,27917,NC,Barco,"Virginia Beach-Norfolk-Newport News, VA-NC",Currituck County,289492.21023122844,57898.44204624569
22140,23065,27946,NC,Hobbsville,"Virginia Beach-Norfolk-Newport News, VA-NC",Gates County,202190.274957753,40438.0549915506
22197,23138,28439,NC,Fair Bluff,,Columbus County,115302.1909090909,23060.438181818183
22259,23212,28006,NC,Alexis,"Charlotte-Concord-Gastonia, NC-SC",Lincoln County,301146.34805427765,60229.26961085553
22289,23241,27826,NC,Fairfield,,Hyde County,166603.3319352708,33320.66638705416
22302,23262,27862,NC,Pendleton,"Roanoke Rapids, NC",Northampton County,120776.19037880242,24155.238075760484
22359,23333,28766,NC,Penrose,"Brevard, NC",Transylvania County,356542.7260479488,71308.54520958976
22466,23457,28579,NC,Marshallberg,"Morehead City, NC",Carteret County,252763.06722636503,50552.61344527301
22486,23482,27981,NC,Wanchese,"Kill Devil Hills, NC",Dare County,313175.75851448433,62635.15170289687
22740,23805,27042,NC,Walnut Cove,"Winston-Salem, NC",Stokes County,153346.25345484025,30669.250690968052
22794,23880,27866,NC,Pleasant Hill,"Roanoke Rapids, NC",Northampton County,102308.44592939434,20461.68918587887
22972,24110,28781,NC,Topton,,Macon County,320179.4620319916,64035.89240639833
22986,24131,27965,NC,Poplar Branch,"Virginia Beach-Norfolk-Newport News, VA-NC",Currituck County,303006.82352051843,60601.36470410369
23166,24369,27927,NC,Corolla,"Virginia Beach-Norfolk-Newport News, VA-NC",Currituck County,876306.3481611005,175261.26963222012
23190,24403,28646,NC,Linville,,Avery County,1288001.343880121,257600.2687760242
23354,24603,28101,NC,,"Charlotte-Concord-Gastonia, NC-SC",Gaston County,448618.0681206595,89723.6136241319
23394,24656,27824,NC,Engelhard,,Hyde County,146427.936332427,29285.5872664854
23413,24673,28702,NC,,,Graham County,233958.90406834253,46791.780813668505
23464,24749,27853,NC,Conway,"Roanoke Rapids, NC",Northampton County,92034.4177669233,18406.88355338466
23510,24812,28708,NC,Balsam Grove,"Brevard, NC",Transylvania County,273311.97063312755,54662.39412662551
23527,24839,27966,NC,Harbinger,"Virginia Beach-Norfolk-Newport News, VA-NC",Currituck County,366658.552578633,73331.7105157266
23640,24994,28511,NC,Atlantic,"Morehead City, NC",Carteret County,189134.50266627816,37826.90053325563
23790,25197,27978,NC,Stumpy Point,"Kill Devil Hills, NC",Dare County,289520.24821935425,57904.04964387085
23804,25220,28663,NC,Piney Creek,,Alleghany County,301229.4496640885,60245.8899328177
23843,25277,27953,NC,,"Kill Devil Hills, NC",Dare County,313973.945235384,62794.7890470768
23922,25389,28520,NC,,"Morehead City, NC",Carteret County,235882.5037146064,47176.500742921286
23934,25412,28775,NC,Scaly Mountain,,Macon County,367491.4399259975,73498.28798519951
23982,25474,27875,NC,Belhaven,,Hyde County,195381.19994447264,39076.23998889453
24085,25628,28528,NC,Beaufort,"Morehead City, NC",Carteret County,297674.487870609,59534.8975741218
24363,26040,28577,NC,,"Morehead City, NC",Carteret County,198918.89575760203,39783.77915152041
24877,26850,27923,NC,Coinjock,"Virginia Beach-Norfolk-Newport News, VA-NC",Currituck County,373377.8703316173,74675.57406632346
24883,26863,27956,NC,Maple,"Virginia Beach-Norfolk-Newport News, VA-NC",Currituck County,337309.20150740485,67461.84030148097
25088,27194,27915,NC,,"Kill Devil Hills, NC",Dare County,513816.7899585135,102763.35799170271
25155,27299,27813,NC,Wilson,"Wilson, NC",Wilson County,142298.76986811342,28459.753973622686
25272,27509,28745,NC,Lake Junaluska,"Asheville, NC",Haywood County,420046.8012709515,84009.36025419031
25311,27580,28553,NC,Marshallberg,"Morehead City, NC",Carteret County,226972.9790958577,45394.59581917155
25324,27602,27968,NC,Rodanthe,"Kill Devil Hills, NC",Dare County,537726.0612244898,107545.21224489796
25553,28045,27014,NC,Cooleemee,"Winston-Salem, NC",Davie County,102497.04941092184,20499.40988218437
25568,28060,27941,NC,Harbinger,"Virginia Beach-Norfolk-Newport News, VA-NC",Currituck County,422914.0860016395,84582.8172003279
25660,28273,27943,NC,Hatteras,"Kill Devil Hills, NC",Dare County,507328.7321277869,101465.74642555739
25827,28637,28524,NC,,"Morehead City, NC",Carteret County,210785.52513776065,42157.105027552134
25886,28775,28552,NC,Hobucken,"New Bern, NC",Pamlico County,92569.50835536608,18513.901671073218
26058,29209,28581,NC,Stacy,"Morehead City, NC",Carteret County,199980.5890092758,39996.117801855165
26082,29286,28668,NC,Roaring Gap,,Alleghany County,330786.4162488915,66157.28324977831
26199,29643,28537,NC,Hobucken,"New Bern, NC",Pamlico County,81003.30926686128,16200.661853372258
26252,29840,27872,NC,Roxobel,,Bertie County,18415.38817309208,3683.077634618416
26279,29945,27840,NC,,,Martin County,79414.41519591627,15882.883039183254
26416,30467,28009,NC,Badin,"Albemarle, NC",Stanly County,135841.87878807596,27168.375757615195
26431,30548,28587,NC,Vandemere,"New Bern, NC",Pamlico County,137921.76745830147,27584.353491660295
26569,30657,28017,NC,Boiling Springs,"Shelby, NC",Cleveland County,160172.37275963894,32034.47455192779
26611,30657,28136,NC,Polkville,"Shelby, NC",Cleveland County,66072.74735837677,13214.549471675355
26645,30657,27936,NC,Frisco,"Kill Devil Hills, NC",Dare County,473134.7492198258,94626.94984396517
26652,30657,27972,NC,Salvo,"Kill Devil Hills, NC",Dare County,632127.2631559102,126425.45263118204
26813,30657,28042,NC,Fallston,"Shelby, NC",Cleveland County,131109.89945100193,26221.979890200386
26822,30657,28707,NC,Balsam,"Cullowhee, NC",Jackson County,294303.27304128284,58860.65460825657
26826,30657,27982,NC,Waves,"Kill Devil Hills, NC",Dare County,637337.4910521945,127467.4982104389
26875,30657,28038,NC,Earl,"Shelby, NC",Cleveland County,70684.18751749153,14136.837503498307
